rrmse,snr_in_db,snr_out_db,delta_snr_db,suppression_db,correlation,ci_ch_rrmse,scalp_ch_rrmse,time_ms,pair_idx,clean_idx,noise_idx,method
0.6763661660015904,2.830050538421312,3.3963573164226886,0.5663067780013766,0.5663067780013763,0.758573055113007,0.8269379232462081,0.4671172453064529,25478.568077087402,0,273,227,ica
0.996161709980078,2.830050538421312,0.03340306756596384,-2.796647470855348,-2.7966474708553477,0.02716423886225144,1.0032066285941343,0.9886601776904737,5504.777193069458,0,273,227,pca
1.0745087102559887,2.830050538421312,-0.6241982307802988,-3.4542487692016106,-3.454248769201611,0.14517860977069452,1.1701143425790954,0.9631841710556363,1806.1943054199219,0,273,227,ssp
0.6405572381811917,2.830050538421312,3.868834852090512,1.0387843136692,1.0387843136692003,0.8449718932558611,0.8639502987323486,0.23459929370796556,2515.712261199951,0,273,227,wavelet
0.7548154628421574,2.9273408224547,2.4431711110692205,-0.4841697113854795,-0.48416971138547954,0.6748124860033539,0.5683199385045851,1.189808126954914,39888.40413093567,1,263,180,ica
1.114399594547872,2.9273408224547,-0.9408155456146778,-3.8681563680693776,-3.8681563680693776,0.27175367201336553,0.8545964705812412,1.7307514052337207,1901.0088443756104,1,263,180,pca
1.028608953703762,2.9273408224547,-0.2450050733594478,-3.1723458958141477,-3.1723458958141477,0.06727490411092105,1.024308710079403,1.0432157978555228,1499.1810321807861,1,263,180,ssp
0.6623560416542982,2.9273408224547,3.5781477404169797,0.6508069179622797,0.6508069179622802,0.8505193563041352,0.30539246924948105,1.2739435820137508,2548.5987663269043,1,263,180,wavelet
4.032346929154045,-21.51171545030489,-12.111157108914805,9.400558341390086,9.400558341390084,0.28954680114486425,6.983756200345678,0.5140411824168006,14550.312757492065,2,120,311,ica
0.5183187480589085,-21.51171545030489,5.708059608650481,27.21977505895537,27.21977505895537,0.8512275561566592,0.7472409126331525,0.35513670719954543,4736.505031585693,2,120,311,pca
0.94346150224579,-21.51171545030489,0.5055162331095874,22.01723168341448,22.01723168341448,0.38510148283165346,0.9308480727704752,0.9496055018121053,1848.8895893096924,2,120,311,ssp
11.900967191087153,-21.51171545030489,-21.51164442201396,7.10282909324178e-05,7.102829092828569e-05,0.16995578274364798,20.724639379880173,0.06733032521832487,1722.4037647247314,2,120,311,wavelet
6.774039552168803,-18.23334344595413,-16.616861670827472,1.6164817751266582,1.6164817751266565,-0.060899134717959366,7.479786307230019,6.575731187110592,37679.06165122986,3,22,357,ica
8.133495990555538,-18.23334344595413,-18.20545161356172,0.027891832392409555,0.02789183239240899,-0.21463276785613225,9.159701594559234,7.841139163168026,4160.129547119141,3,22,357,pca
1.3894802025488213,-18.23334344595413,-2.8570015119887,15.376341933965431,15.37634193396543,0.04866391134161152,1.575857866021079,1.336117123017032,2655.254602432251,3,22,357,ssp
8.126874785105583,-18.23334344595413,-18.198377845718582,0.03496560023554807,0.03496560023554535,-0.21534043887399584,9.180707834041922,7.825987303217111,3685.7266426086426,3,22,357,wavelet
0.7465584382693099,0.08529742255837527,2.538707482606703,2.453410060048328,2.453410060048328,0.725960752633933,1.4871932685141764,0.5327962950628852,39145.334243774414,4,231,264,ica
0.6699770314258062,0.08529742255837527,3.4787764571848037,3.3934790346264285,3.393479034626428,0.733288939587242,1.3916863756073632,0.4504554979999607,2261.7790699005127,4,231,264,pca
1.0933576256671755,0.08529742255837527,-0.7752414242321939,-0.8605388467905691,-0.8605388467905692,0.026315846328334152,1.3501950762995703,1.0448382368334754,1720.1237678527832,4,231,264,ssp
0.7516662854938447,0.08529742255837527,2.4794827291499884,2.394185306591613,2.3941853065916137,0.7321642568359827,1.5393832934605767,0.5164094414597011,1642.2345638275146,4,231,264,wavelet
1.541169609746018,-5.58672990231341,-3.7567878310641922,1.8299420712492176,1.829942071249218,0.22947670705923118,2.250787278356756,1.2600320295269107,27936.472415924072,5,284,170,ica
1.6216584731629455,-5.58672990231341,-4.198951455289173,1.3877784470242371,1.3877784470242376,0.2200889561636414,2.6085333946088856,1.1865846695610058,149.3091583251953,5,284,170,pca
1.2341879769586848,-5.58672990231341,-1.827495206712728,3.759234695600682,3.7592346956006817,0.2538628787328127,1.6840125355542057,1.067258565121702,381.3190460205078,5,284,170,ssp
1.5759605339913094,-5.58672990231341,-3.950678831848075,1.636051070465335,1.636051070465335,0.306003414554302,2.3152360596654087,1.2813051814560457,639.3511295318604,5,284,170,wavelet
2.062328401639039,-7.80040756630579,-6.287139483686806,1.5132680826189837,1.5132680826189833,0.34050396046529596,2.6432834284995215,1.9298395618289599,25291.5358543396,6,175,124,ica
2.2461816411874804,-7.80040756630579,-7.028879674127722,0.7715278921780673,0.771527892178067,0.3282519574852127,3.027692141772889,2.0610432475981773,142.7001953125,6,175,124,pca
1.1596019769050945,-7.80040756630579,-1.2861732670638626,6.514234299241927,6.5142342992419255,0.27192208368195375,1.4759514229755581,1.0878254037155786,339.4761085510254,6,175,124,ssp
2.408851298444812,-7.80040756630579,-7.636181458967184,0.16422610733860576,0.1642261073386057,0.38050950410133666,3.3153784542873557,2.190565966668519,690.9453868865967,6,175,124,wavelet
1.2741432028922328,-3.357903458554663,-2.1043455602289853,1.2535578983256777,1.2535578983256772,0.5605483488815657,1.1076895000107725,1.530639656633011,27228.22403907776,7,203,143,ica
1.0775887991335413,-3.357903458554663,-0.6490544215509051,2.708849037003758,2.7088490370037577,0.1756277371376565,0.9870893489452124,1.2248492877942048,144.2117691040039,7,203,143,pca
1.1003201537065228,-3.357903458554663,-0.8303726343321604,2.5275308242225027,2.5275308242225023,0.22195705953875117,1.0149341193877361,1.2403391975654383,334.808349609375,7,203,143,ssp
1.0783641225518372,-3.357903458554663,-0.6553015958630184,2.702601862691645,2.7026018626916444,0.7938444023795863,0.9545226277606709,1.2726742962008148,613.8186454772949,7,203,143,wavelet
1.3438336693464967,-3.680500578807129,-2.5668892783597235,1.1136113004474057,1.1136113004474062,0.3931106378499871,2.7868751764314377,0.8343403163099691,13374.001264572144,8,79,414,ica
0.9856058390492812,-3.680500578807129,0.1259332249148862,3.8064338037220153,3.8064338037220153,0.5559338189109432,1.2206542528170494,0.9353455073922751,150.6199836730957,8,79,414,pca
1.0402070550944644,-3.680500578807129,-0.342392342449114,3.338108236358015,3.338108236358015,0.24064809318569694,1.2666604575474363,0.9923567177472353,332.9286575317383,8,79,414,ssp
1.5088061846419751,-3.680500578807129,-3.5726426146713592,0.10785796413576998,0.10785796413577001,0.46614853903833536,3.040639344318997,0.9894570372525658,591.7446613311768,8,79,414,wavelet
1.0436077773613417,-0.25657413341229607,-0.37074052812147623,-0.11416639470918016,-0.11416639470918032,0.5366342920877625,1.0300905606661317,1.0555022609925364,372272.1092700958,9,131,173,ica
1.0709278564786802,-0.25657413341229607,-0.5951955052442751,-0.33862137183197905,-0.33862137183197905,0.1120719420264471,0.9620797024242432,1.1593084894966716,147.1092700958252,9,131,173,pca
1.0037899272194761,-0.25657413341229607,-0.03285618120840111,0.22371795220389495,0.22371795220389515,0.2629142616481922,1.0082663974832848,0.9997857065249036,334.23471450805664,9,131,173,ssp
0.9160468758712035,-0.25657413341229607,0.761632780428614,1.0182069138409102,1.0182069138409102,0.7908020126262192,0.9897908238409624,0.8449583367855941,554.2120933532715,9,131,173,wavelet
1.970393410975044,-6.789882935938123,-5.890948632512869,0.8989343034252544,0.898934303425253,0.46157611823854566,1.958737887126015,1.9862426863647455,19206.703662872314,10,103,300,ica
1.0272231282913094,-6.789882935938123,-0.23328805985119194,6.5565948760869315,6.556594876086931,-0.00988513167424416,1.010767263308461,1.0493380431031734,143.60833168029785,10,103,300,pca
1.0210056447639033,-6.789882935938123,-0.18055686097848497,6.609326074959638,6.609326074959638,0.03408360439357149,1.0060554908646762,1.04112910333717,331.6302299499512,10,103,300,ssp
2.1851349167801826,-6.789882935938123,-6.789447682311652,0.0004352536264713436,0.0004352536264721061,0.7565781404050314,2.180148099615407,2.191945097243559,578.9737701416016,10,103,300,wavelet
2.23874609171591,-9.308095062509093,-7.000010739508445,2.3080843230006476,2.308084323000647,0.36501480412684983,3.739273836385573,1.5793072877642302,25508.18157196045,11,200,2,ica
2.1397668115250164,-9.308095062509093,-6.607244901238644,2.7008501612704485,2.700850161270447,0.42398311575025516,3.5256999626020344,1.5410048375050625,142.26603507995605,11,200,2,pca
1.138317998481468,-9.308095062509093,-1.1252475417218863,8.182847520787206,8.182847520787206,0.41718912501334704,1.5077539720409538,1.0106362654362462,331.1598300933838,11,200,2,ssp
2.7424255585412887,-9.308095062509093,-8.762603720050807,0.5454913424582859,0.5454913424582859,0.36087443307350187,5.01037352516747,1.6080036114100515,585.9413146972656,11,200,2,wavelet
1.7055605927515889,-7.380587485609791,-4.637166237175268,2.7434212484345224,2.7434212484345224,0.44755164770224476,1.43803134923784,2.0594664623598957,15870.290756225586,12,109,225,ica
1.2810837434677025,-7.380587485609791,-2.1514451621646216,5.229142323445169,5.229142323445169,0.32786836152560955,0.6597840386642564,1.884598874927018,142.6870822906494,12,109,225,pca
1.3539873151796993,-7.380587485609791,-2.6321694612638153,4.748418024345975,4.748418024345976,0.1300316702011236,1.3482132091341819,1.3630856008798584,333.4808349609375,12,109,225,ssp
2.085249269205302,-7.380587485609791,-6.382952056121248,0.9976354294885432,0.9976354294885438,0.5460085589504072,1.634335893335843,2.6468090253140986,590.6116962432861,12,109,225,wavelet
1.0800261297579363,-0.5921839440297074,-0.668684272191909,-0.07650032816220154,-0.0765003281622013,0.4021826387683571,1.0008748757275272,1.586661489820623,11365.751504898071,13,19,298,ica
0.9717750542900137,-0.5921839440297074,0.24868464992925893,0.8408685939589664,0.8408685939589668,0.2580615280623325,0.9872168420940277,0.8343928400145637,141.37983322143555,13,19,298,pca
0.948431605407769,-0.5921839440297074,0.4598788523113858,1.0520627963410933,1.052062796341093,0.3212934820524446,0.9556112342277341,0.8873491779516407,334.37395095825195,13,19,298,ssp
1.0705492127601726,-0.5921839440297074,-0.5921318518884853,5.209214122214867e-05,5.2092141222098376e-05,0.5666891900745421,0.9612652894581052,1.7226282343737058,588.437557220459,13,19,298,wavelet
42.423180384703755,-38.76087489879352,-32.55200233424183,6.20887256455169,6.208872564551688,0.2578928238065499,64.87030073530264,1.057077636292056,137373.94094467163,14,206,296,ica
0.8257135871037269,-38.76087489879352,1.663382316773199,40.42425721556672,40.42425721556671,0.6528831450913293,0.907930901859874,0.7585233870742517,882.4625015258789,14,206,296,pca
1.4128846938694954,-38.76087489879352,-3.0021033953302116,35.75877150346331,35.7587715034633,0.5807247205262988,1.6036973192516222,1.2515531071914578,3345.0064659118652,14,206,296,ssp
86.69668442313788,-38.76087489879352,-38.75998761323381,0.0008872855597061857,0.0008872855596986504,0.1121010358984965,132.58962275129656,0.8810226030365138,1330.4128646850586,14,206,296,wavelet
3.799799915766734,-12.502205182494848,-11.595046541569127,0.9071586409257204,0.9071586409257202,0.1008321079125125,7.050279751575214,2.7713377246413677,479899.6014595032,15,135,98,ica
4.040240097494841,-12.502205182494848,-12.127974011346016,0.374231171148832,0.37423117114882976,0.16301899005545847,7.068722251613192,3.142721490228633,1049.8158931732178,15,135,98,pca
2.0039960428284753,-12.502205182494848,-6.037801620374523,6.464403562120324,6.464403562120324,0.013812171450154575,2.697232878831779,1.841599056243905,3581.657648086548,15,135,98,ssp
4.08682995539345,-12.502205182494848,-12.227561630308001,0.27464355218684666,0.2746435521868471,0.14440721935699025,7.386950256652015,3.073497627567219,993.6544895172119,15,135,98,wavelet
4.262658290637572,-13.023169072775051,-12.59336938728558,0.42979968548947056,0.429799685489473,0.0887933281026499,1.7808436778415555,4.769438449967573,46216.62211418152,16,134,253,ica
3.8440084969786645,-13.023169072775051,-11.695449001694623,1.327720071080428,1.3277200710804304,0.24796872266542663,2.0891866921622677,4.237192576356097,137.83025741577148,16,134,253,pca
1.198099933400967,-13.023169072775051,-1.5697835608422426,11.453385511932808,11.45338551193281,0.1540788053099623,1.3906820409828007,1.1328270309885604,332.073450088501,16,134,253,ssp
4.288476433119436,-13.023169072775051,-12.645819384695784,0.37734968807926705,0.3773496880792681,0.10065459744282859,1.8266685208721989,4.794292734086425,576.6119956970215,16,134,253,wavelet
1.7010498499859976,-5.690225870477549,-4.6143097391802375,1.0759161312973111,1.0759161312973122,0.2949222964331003,2.0813083060792046,1.5761120545320162,9084.322690963745,17,219,36,ica
1.0422304152814728,-5.690225870477549,-0.3592711139392457,5.330954756538302,5.330954756538303,0.16393936935067488,0.9963582185423907,1.054924425536633,142.83275604248047,17,219,36,pca
1.0363586331849433,-5.690225870477549,-0.3101981429108152,5.380027727566733,5.380027727566734,0.18664502079951661,1.0331292042478235,1.0372761341943628,327.7926445007324,17,219,36,ssp
1.7899018128026012,-5.690225870477549,-5.0565514867608226,0.633674383716726,0.633674383716726,0.4957422348894625,2.368067396050982,1.5872586209826731,594.8598384857178,17,219,36,wavelet
0.7446730347341751,0.7526135332891082,2.5606348081792527,1.8080212748901445,1.808021274890145,0.6876934119710747,0.6303776760438439,0.85023551812264,763653.966665268,18,51,187,ica
0.7713187049439871,0.7526135332891082,2.2552781163569686,1.5026645830678604,1.5026645830678604,0.8083153537997936,0.6672278328358222,0.8691051298295343,1401.1547565460205,18,51,187,pca
1.0045360740325409,0.7526135332891082,-0.03931019116663443,-0.7919237244557427,-0.7919237244557427,0.13067917076084765,0.9973255313385408,1.0122035120510275,4395.470857620239,18,51,187,ssp
0.715305645737413,0.7526135332891082,2.9101044157066807,2.1574908824175725,2.1574908824175725,0.8413865823152685,0.5500574168309116,0.8577081149475931,1711.8375301361084,18,51,187,wavelet
0.7391205021407805,1.72137872899084,2.6256559634993626,0.9042772345085226,0.9042772345085222,0.6263367114622075,0.5916242681237625,0.8738460497347387,652703.4025192261,19,223,255,ica
0.8886595638906606,1.72137872899084,1.025279075187239,-0.6960996538036011,-0.6960996538036012,0.5478286605904791,1.0038587334120215,0.7405015988195038,155.9312343597412,19,223,255,pca
1.1251173566595734,1.72137872899084,-1.0239466466369533,-2.745325375627793,-2.7453253756277936,0.0812128580869778,1.2141612927482337,1.017484609747256,349.50780868530273,19,223,255,ssp
0.6012290302847737,1.72137872899084,4.419118121913051,2.6977393929222115,2.6977393929222115,0.792317214385202,0.5348208689614438,0.6670845008372135,580.7535648345947,19,223,255,wavelet
0.789772716715351,3.5846771364924983,2.049950901905912,-1.5347262345865862,-1.5347262345865857,0.6640686912911639,0.8366534216957958,0.7538377168144456,8154.855251312256,20,155,247,ica
0.910884223602104,3.5846771364924983,0.8107341528405567,-2.7739429836519416,-2.7739429836519407,0.5091268948482116,1.1220584131840907,0.7193017965840579,144.12856101989746,20,155,247,pca
1.051662260455472,3.5846771364924983,-0.4375247583699451,-4.022201894862444,-4.022201894862443,-0.02566140810973844,1.0716113521864632,1.0369083617297454,379.971981048584,20,155,247,ssp
0.6099536085276612,3.5846771364924983,4.294045555140178,0.7093684186476796,0.7093684186476802,0.8450990184822741,0.4890229207976092,0.6846362409288927,571.0330009460449,20,155,247,wavelet
1.3337031112747233,-16.638873412526884,-2.5011646261458247,14.13770878638106,14.137708786381058,0.45743360079975426,2.2054830002391332,0.9123252986504368,359192.7242279053,21,226,306,ica
1.0581820903844597,-16.638873412526884,-0.4912036000404034,16.14766981248648,16.14766981248648,0.42179193146028576,1.1261104009741636,1.0364535890952042,215.90614318847656,21,226,306,pca
1.2453548320029595,-16.638873412526884,-1.9058470689006728,14.73302634362621,14.73302634362621,0.030234706112999443,1.532614528119453,1.1428591489035054,381.92009925842285,21,226,306,ssp
6.657610216837325,-16.638873412526884,-16.466325605662508,0.17254780686437599,0.17254780686437393,0.1453787593362526,13.653833067231753,0.8569449643713306,586.7233276367188,21,226,306,wavelet
1.0532726919434303,-0.8659618339598698,-0.4508141504859073,0.4151476834739625,0.415147683473963,0.7673506997026995,1.0088864221641858,1.073682600182069,9979.779958724976,22,47,221,ica
1.0108780794648788,-0.8659618339598698,-0.0939750907808152,0.7719867431790546,0.7719867431790549,0.7641502825388453,0.9888583159020278,1.0211554761649362,1081.7844867706299,22,47,221,pca
1.0301871171009935,-0.8659618339598698,-0.25832093005686185,0.607640903903008,0.6076409039030082,0.04070677396511534,1.0815099822688896,1.0049301222292393,2154.0892124176025,22,47,221,ssp
1.057381969898309,-0.8659618339598698,-0.48463550840050174,0.3813263255593681,0.38132632555936785,0.7659699861759502,1.0146869734795785,1.0770395289649155,1235.2769374847412,22,47,221,wavelet
1.561974109649756,-6.931157564836439,-3.873437700914706,3.057719863921733,3.0577198639217333,0.33707441342515143,2.328101661719991,0.6285757061455326,18237.164735794067,23,177,106,ica
1.090105823135628,-6.931157564836439,-0.7493627640875694,6.181794800748869,6.181794800748869,0.06133643349593382,1.1711097607786103,1.030857510670122,464.05816078186035,23,177,106,pca
0.9769190128225157,-6.931157564836439,0.20282557155018155,7.13398313638662,7.133983136386622,0.3816889747022879,0.8109351956031567,1.0760863848856363,1895.789623260498,23,177,106,ssp
2.006771730788477,-6.931157564836439,-6.049909907342537,0.8812476574939021,0.8812476574939019,0.4299477360272779,3.1016657996665162,0.4357438409625315,914.2494201660156,23,177,106,wavelet
1.0856433574481938,-4.978632663077313,-0.7137399103627695,4.264892752714544,4.264892752714544,0.6789661472631396,2.909568144757388,0.7780686427887532,15973.780155181885,24,250,14,ica
1.0175083282346087,-4.978632663077313,-0.15075863939060744,4.8278740236867055,4.8278740236867055,0.40658780583421045,1.2263407989052342,0.9992304933635684,179.81553077697754,24,250,14,pca
1.294866029548645,-4.978632663077313,-2.244486917394314,2.734145745682999,2.7341457456829983,0.08065470841926112,2.014242633525202,1.2204162640041716,391.16954803466797,24,250,14,ssp
1.4459053152999888,-4.978632663077313,-3.202784370927568,1.7758482921497452,1.7758482921497445,0.6473997002308395,3.717798955943141,1.0806433804348285,603.8849353790283,24,250,14,wavelet
6.435560933861743,-22.33264930170683,-16.17151782461988,6.1611314770869505,6.161131477086945,0.08148172112651664,2.6750193905205064,10.107830125392711,34560.22238731384,25,294,54,ica
6.855709141361516,-22.33264930170683,-16.720836752923528,5.611812548783302,5.611812548783299,0.19032430865667177,3.453786291558533,10.449464587475282,827.1420001983643,25,294,54,pca
1.9036747552321553,-22.33264930170683,-5.5916989871346034,16.740950314572228,16.740950314572224,0.07165596822562358,1.5567048676514434,2.3985390869458443,2475.5218029022217,25,294,54,ssp
13.02889242967845,-22.33264930170683,-22.297935724157828,0.034713577549002395,0.0347135775490002,0.06940468584393306,14.085786370905486,10.905790737558425,618.7605857849121,25,294,54,wavelet
17.66629951494115,-25.83003760986874,-24.94268743785419,0.8873501720145498,0.8873501720145547,0.23907177353735853,32.726608119616344,14.761208373720745,26627.559185028076,26,110,412,ica
1.3354289257350782,-25.83003760986874,-2.51231675100993,23.31772085885881,23.317720858858813,-0.15924275081670414,1.540976287422177,1.3076625093956216,449.15294647216797,26,110,412,pca
1.2158540481970752,-25.83003760986874,-1.697556125691817,24.13248148417692,24.132481484176928,0.07296451057230663,1.6955335722080351,1.1423450002848219,1033.7154865264893,26,110,412,ssp
19.55981411550438,-25.83003760986874,-25.82706998491268,0.0029676249560601775,0.0029676249560651154,0.20798898881790168,36.36794345508122,16.30646630797498,1719.8896408081055,26,110,412,wavelet
0.6121420559571366,13.243644153923261,4.262943853924208,-8.980700299999054,-8.980700299999054,0.5999544027179781,0.6978084075484762,0.5714776686979807,24484.59792137146,27,25,346,ica
0.30692952572388205,13.243644153923261,10.259158755084234,-2.984485398839027,-2.9844853988390274,0.9390442000648596,0.40121533246581126,0.2560636431225637,295.9449291229248,27,25,346,pca
0.9960248925803228,13.243644153923261,0.034596084176409636,-13.209048069746851,-13.209048069746851,0.1437187734582186,0.9958114094671053,0.9961164425758722,587.2414112091064,27,25,346,ssp
0.21763116978585365,13.243644153923261,13.24543609145266,0.0017919375293988793,0.0017919375293989608,0.9718351795404505,0.286949503890542,0.17989341876201959,645.5748081207275,27,25,346,wavelet
0.5087683244945341,7.012110965838919,5.869572866618653,-1.1425380992202658,-1.1425380992202667,0.8680481094611832,0.604719084614524,0.4619518294335684,11665.128231048584,28,217,302,ica
0.38264698853416046,7.012110965838919,8.34398140737454,1.3318704415356217,1.331870441535621,0.9370073586163865,0.4352021905720669,0.3579604572455333,168.08652877807617,28,217,302,pca
0.9999163130019492,7.012110965838919,0.0007269124189544697,-7.011384053419964,-7.011384053419965,0.10780225577043465,1.0000060581192376,0.9998781363561772,447.21198081970215,28,217,302,ssp
0.44603398879762135,7.012110965838919,7.012604583909377,0.0004936180704584459,0.0004936180704590068,0.9226070907477584,0.5273526273975396,0.40654270744548954,594.6815013885498,28,217,302,wavelet
1.2809713944947039,-2.9284014150358217,-2.1507509912099554,0.7776504238258664,0.777650423825867,0.6915767804354314,1.2636190511126657,1.291745358928648,11307.037591934204,29,251,52,ica
1.411187845932766,-2.9284014150358217,-2.991648557137341,-0.06324714210151905,-0.06324714210151922,0.663337070668974,1.272527434344693,1.4916618943999842,204.99825477600098,29,251,52,pca
0.9451315094143982,-2.9284014150358217,0.4901435882589322,3.4185450032947537,3.4185450032947537,0.3801734288749292,0.9777629881544386,0.9240583194471318,392.4229145050049,29,251,52,ssp
1.2675553718421309,-2.9284014150358217,-2.0593024133265097,0.8690990017093121,0.8690990017093123,0.7492435021555189,1.240137668700603,1.284468045708693,623.0473518371582,29,251,52,wavelet
1.1680485139869408,-3.292161531946513,-1.3491823208842808,1.9429792110622324,1.9429792110622324,0.5024697457791788,3.801878819492249,0.7857255190734282,118926.39970779419,30,181,224,ica
1.0209680837723856,-3.292161531946513,-0.18023798479020653,3.1119235471563065,3.111923547156307,0.15017856232726048,1.1080203447109291,1.01577549529459,178.54022979736328,30,181,224,pca
1.1334630582814895,-3.292161531946513,-1.0881181121273389,2.2040434198191745,2.2040434198191745,0.07385124772176226,2.3166123111815558,1.0255746432146118,399.49798583984375,30,181,224,ssp
1.2585091322472206,-3.292161531946513,-1.9970786747306706,1.2950828572158426,1.2950828572158422,0.6211528659456388,4.42440394341323,0.7464361011783387,584.012508392334,30,181,224,wavelet
1.0942641310432786,-3.1021760134667913,-0.7824286429430294,2.319747370523762,2.3197473705237623,0.6391299843572503,2.5210146332693055,0.8544769289444023,114493.25060844421,31,163,89,ica
0.8853905997857728,-3.1021760134667913,1.0572772983274652,4.159453311794256,4.159453311794257,0.5640735426115436,1.6519181001010088,0.7795655293783641,147.3839282989502,31,163,89,pca
1.1391466509561814,-3.1021760134667913,-1.131572382542934,1.9706036309238573,1.9706036309238573,0.16717162371161495,1.7658112514497137,1.064301711802094,333.8949680328369,31,163,89,ssp
1.0687622510934613,-3.1021760134667913,-0.577611078421882,2.5245649350449093,2.5245649350449098,0.7193219629277688,2.5716518746349517,0.8041210412966884,536.1213684082031,31,163,89,wavelet
1.5135198575837927,-5.75235530348688,-3.599661468895307,2.152693834591573,2.152693834591573,0.42522254593247105,1.148094176853443,1.8330784425016386,11654.228448867798,32,191,270,ica
1.0846516081546154,-5.75235530348688,-0.7057784444494757,5.046576859037404,5.046576859037404,0.23923078143414409,0.9082003446322657,1.2502446747076563,203.9773464202881,32,191,270,pca
0.9271646419862188,-5.75235530348688,0.6568334367732276,6.409188740260108,6.409188740260108,0.4490520387770763,0.9653717630211921,0.8832488514606901,369.11725997924805,32,191,270,ssp
1.5482548625818249,-5.75235530348688,-3.7967445820359775,1.9556107214509022,1.9556107214509024,0.6254621707594479,1.1941692407787294,1.8613978534310527,588.7603759765625,32,191,270,wavelet
2.7744008707026735,-21.691429215173503,-8.863363947040245,12.828065268133258,12.828065268133258,0.4663766222819819,1.4216361578878425,3.957718642489794,7787.367820739746,33,125,31,ica
12.059842021883396,-21.691429215173503,-21.626809208269712,0.064620006903791,0.06462000690379249,0.017616200103581725,1.0469504908686806,18.65519907008279,408.06055068969727,33,125,31,pca
1.2202860104506308,-21.691429215173503,-1.7292250009639798,19.962204214209525,19.962204214209525,0.012727378566117591,1.3412626849350688,1.026738263960139,463.1209373474121,33,125,31,ssp
12.129753756363328,-21.691429215173503,-21.67701651922539,0.014412695948113452,0.014412695948112418,0.18288575974230492,1.574081876667028,18.71208066646942,651.1843204498291,33,125,31,wavelet
1.0121328984201798,-4.339077148436161,-0.10475025509006225,4.234326893346099,4.234326893346099,0.5986825538280347,2.338297091732358,0.7851306679893425,22323.185205459595,34,252,324,ica
0.8369866729877988,-4.339077148436161,1.54561846438963,5.884695612825791,5.884695612825791,0.6817227739408676,1.3115648984349755,0.7790509857338653,181.54406547546387,34,252,324,pca
1.05011477189484,-4.339077148436161,-0.4247330525323556,3.914344095903805,3.914344095903805,0.2422200623782219,1.3115315302378159,1.0227672649854915,378.74674797058105,34,252,324,ssp
1.0177447453351935,-4.339077148436161,-0.15277653459177137,4.18630061384439,4.18630061384439,0.6379675915973356,2.380454096960287,0.7814100126326647,598.0269908905029,34,252,324,wavelet
0.7273850785105808,2.898911259135607,2.7646905750799444,-0.1342206840556628,-0.1342206840556628,0.6521966875215347,0.47641830141342023,1.2222921877365842,137276.41010284424,35,187,177,ica
1.0119714853495407,2.898911259135607,-0.10336495683654584,-3.002276215972153,-3.0022762159721528,0.36598852681246136,0.6731753653775793,1.6874606608037275,1091.667652130127,35,187,177,pca
1.020834800097161,2.898911259135607,-0.1791083709918896,-3.0780196301274967,-3.0780196301274962,0.1476380542104521,1.0012375910503406,1.0810487223238805,3231.1549186706543,35,187,177,ssp
0.6586183033097711,2.898911259135607,3.6272923127908996,0.7283810536552924,0.7283810536552919,0.8012643343424959,0.1444360944405712,1.323847077566099,909.4767570495605,35,187,177,wavelet
1.2227083254719258,-1.894560206597578,-1.7464522757500713,0.14810793084750662,0.14810793084750673,0.3802970949450743,1.5133905449045189,0.992804044022119,424561.3672733307,36,18,196,ica
1.0087334878387517,-1.894560206597578,-0.07552852410439313,1.819031682493185,1.8190316824931851,0.1902683998490245,0.9454791791514108,1.0472383663262734,920.9170341491699,36,18,196,pca
0.9932980831491277,-1.894560206597578,0.05840782636285029,1.9529680329604282,1.9529680329604282,0.20252687600628003,0.9992871787468067,0.9894434501560908,2162.522077560425,36,18,196,ssp
1.2237173875227385,-1.894560206597578,-1.75361748920781,0.14094271738976794,0.14094271738976827,0.6434034066321104,1.5864449313002986,0.9190647783587539,1189.3701553344727,36,18,196,wavelet
0.7895708388445483,-2.0475728413608483,2.052113756450557,4.099686597811406,4.099686597811406,0.7671790332053763,1.075181332296179,0.722259750219629,18562.771797180176,37,198,340,ica
0.7235594646402878,-2.0475728413608483,2.8104186615413864,4.857991502902235,4.857991502902235,0.8139148484934702,1.057129974541932,0.6403475468043125,1065.904140472412,37,198,340,pca
0.838828410808601,-2.0475728413608483,1.5264925647756704,3.5740654061365187,3.5740654061365182,0.5695013162769765,0.9804133472506574,0.8089608147642589,3920.6175804138184,37,198,340,ssp
0.736788667505044,-2.0475728413608483,2.653051713135243,4.700624554496091,4.700624554496091,0.8165189749508044,1.028858763714516,0.6665760797749791,1053.5523891448975,37,198,340,wavelet
2.0008937065999914,-6.57900796834482,-6.024474086379832,0.5545338819649883,0.5545338819649882,0.5255649126875812,3.76374163821753,1.5481484263935505,14113.25716972351,38,122,12,ica
1.0544058532012626,-6.57900796834482,-0.460155331210914,6.118852637133906,6.118852637133906,0.08731804364604306,0.8613887264186364,1.0817764875284386,163.7125015258789,38,122,12,pca
1.0173674710172458,-6.57900796834482,-0.14955667872223413,6.429451289622586,6.429451289622586,0.24071852277041125,1.258743128674607,0.9737389229307364,1148.3206748962402,38,122,12,ssp
2.0473217909996064,-6.57900796834482,-6.22371580649172,0.3552921618531002,0.3552921618530996,0.63264480386878,3.9085692263986886,1.5616462733255216,621.5436458587646,38,122,12,wavelet
1.226463556829111,-4.444923705103258,-1.7730794470925089,2.671844258010749,2.6718442580107493,0.4375197357659069,1.9518278088959289,0.7001703656750737,11772.85099029541,39,243,228,ica
1.0119845395470997,-4.444923705103258,-0.1034766289494368,4.341447076153821,4.3414470761538215,-0.019027875722683496,1.0188158195596129,1.0089653465870883,459.2728614807129,39,243,228,pca
1.156280568272009,-4.444923705103258,-1.2612543887829757,3.183669316320282,3.183669316320282,0.08285084230003135,1.457655078620094,0.9952409178595111,1893.7854766845703,39,243,228,ssp
1.2921303433295874,-4.444923705103258,-2.226110329164663,2.218813375938595,2.2188133759385953,0.5992949713418382,2.18367881347433,0.5537661294523638,535.886287689209,39,243,228,wavelet
0.5456964832439172,4.936853897354528,5.260949070923609,0.3240951735690816,0.3240951735690825,0.8541621758042622,0.512050783404206,0.622874565557767,18537.2416973114,40,150,45,ica
0.992816853520998,4.936853897354528,0.06261699636201602,-4.8742369009925115,-4.8742369009925115,0.12774520645863152,0.980490470431411,1.0233895007635123,1091.3641452789307,40,150,45,pca
1.008894594580036,4.936853897354528,-0.07691571110477412,-5.0137696084593015,-5.013769608459302,0.056877066405509755,1.010641260304869,1.0044546268848338,3049.684762954712,40,150,45,ssp
0.44983761836633307,4.936853897354528,6.938838066466493,2.0019841691119655,2.001984169111966,0.9131677826877962,0.46076773568033674,0.4208694819083026,609.1766357421875,40,150,45,wavelet
3.3659307228072626,-11.826998092847639,-10.54202875463178,1.2849693382158591,1.2849693382158567,0.16893542852491852,3.2380821933053454,3.416584189308676,414891.6757106781,41,63,259,ica
3.272045439726183,-11.826998092847639,-10.296312237157556,1.5306858556900824,1.530685855690082,0.10802340212876563,1.1044257253681062,3.8165985884413227,1050.8642196655273,41,63,259,pca
1.2983907898905962,-11.826998092847639,-2.268075209699854,9.558922883147785,9.558922883147783,0.18191241154618348,1.3791471012218162,1.2640544672957306,3129.3094158172607,41,63,259,ssp
3.690372624007696,-11.826998092847639,-11.341328473948021,0.48566961889961746,0.4856696188996159,0.17172063241177457,3.22485737248668,3.8637735595584233,592.5695896148682,41,63,259,wavelet
1.1087241382198165,1.4947941151384612,-0.8964585436528849,-2.391252658791346,-2.391252658791347,0.35392739870507345,1.0679771922527823,1.1654535503151722,18215.713262557983,42,21,301,ica
1.0474123011388041,1.4947941151384612,-0.4023479579473441,-1.8971420730858053,-1.8971420730858055,0.16766580906304668,1.0183492660434643,1.0883022646338503,142.64535903930664,42,21,301,pca
0.9224296621670317,1.4947941151384612,0.7013239212234662,-0.793470193914995,-0.7934701939149951,0.3881924928391363,0.912001122141547,0.9373917562008269,323.7290382385254,42,21,301,ssp
0.8418177638984602,1.4947941151384612,1.4956128031663227,0.0008186880278615583,0.0008186880278612151,0.7893819164138169,0.5966674315026175,1.1052642470803826,554.4018745422363,42,21,301,wavelet
1.268615404921121,-5.6038124338141895,-2.0665752528170103,3.537237180997179,3.5372371809971788,0.5042208923553376,2.7454478406946015,0.7025102955258783,15543.392419815063,43,212,230,ica
0.8683514252950222,-5.6038124338141895,1.2260685202560508,6.829880954070241,6.82988095407024,0.5058265689804593,0.9849242087530106,0.8446111766886035,142.87281036376953,43,212,230,pca
1.0312867062214237,-5.6038124338141895,-0.267584573907269,5.336227859906921,5.33622785990692,0.3948288434072344,1.6638055942849026,0.8617841575411856,329.01668548583984,43,212,230,ssp
1.3680383060622756,-5.6038124338141895,-2.7219351920665122,2.8818772417476772,2.881877241747677,0.5684655081047004,3.1810553733229257,0.5648544319568423,519.6726322174072,43,212,230,wavelet
1.543141056007749,-4.921675055903254,-3.768079292800179,1.153595763103075,1.1535957631030758,0.2524107841952229,1.7005835942751546,1.4278032516890635,54075.963735580444,44,192,96,ica
1.34882313206159,-4.921675055903254,-2.5990743180001625,2.3226007379030915,2.322600737903092,0.5405295306229088,1.1575276922492728,1.463222656082158,149.54090118408203,44,192,96,pca
1.07675396354841,-4.921675055903254,-0.642321730179042,4.2793533257242125,4.2793533257242125,0.20414278137379308,1.069360410552882,1.0816864525422496,349.5757579803467,44,192,96,ssp
1.6687901500354734,-4.921675055903254,-4.44799783650797,0.4736772193952836,0.47367721939528346,0.36549976478446244,1.8332125532039827,1.5487135048091616,556.6766262054443,44,192,96,wavelet
4.8112186079145545,-19.072017177326806,-13.645058130489565,5.426959046837242,5.426959046837242,0.1521517589842255,6.068736767000553,1.612678936293261,311110.8343601227,45,49,419,ica
1.3283594554900966,-19.072017177326806,-2.46629246579013,16.605724711536677,16.605724711536677,0.1345398746765602,0.8604449225218156,1.8173143191636445,183.87126922607422,45,49,419,pca
1.300102693901492,-19.072017177326806,-2.279534537150883,16.792482640175923,16.792482640175923,0.23512105527995933,1.0197111000185817,1.633130498608612,375.2734661102295,45,49,419,ssp
8.953779274611447,-19.072017177326806,-19.040082600166457,0.03193457716034942,0.03193457716034843,0.07618573486727857,11.453879202376907,1.883374496394212,695.9450244903564,45,49,419,wavelet
50.4776749614761,-38.58420264186327,-34.06195931455255,4.5222433273107185,4.522243327310712,-0.019339021148416652,92.95053566355669,0.9136360661577312,1384.1593265533447,46,99,115,ica
0.958970208545674,-38.58420264186327,0.36389525717265236,38.94809789903592,38.948097899035915,0.5059580265574608,1.1335808832555665,0.8756980934306013,141.24655723571777,46,99,115,pca
1.0035652371997716,-38.58420264186327,-0.030912011219994883,38.553290630643275,38.553290630643275,0.3282017493061969,0.9726629939953285,1.0162077915541703,353.9543151855469,46,99,115,ssp
84.95436554033921,-38.58420264186327,-38.58368646842243,0.0005161734408432039,0.0005161734408413285,-0.06336733864700206,156.44825013392816,0.9137290736666702,678.3883571624756,46,99,115,wavelet
0.6498384111156413,-2.129452248615291,3.743884975854261,5.873337224469552,5.873337224469552,0.7535642005081571,0.7809043782105362,0.6020919684143742,21030.173540115356,47,33,214,ica
1.225574137684357,-2.129452248615291,-1.7667899465205545,0.3626623020947366,0.3626623020947361,0.5792464508028441,0.5793531385049853,1.368880161422444,171.88000679016113,47,33,214,pca
0.9513697298461129,-2.129452248615291,0.43301283626617415,2.5624650848814654,2.562465084881466,0.4089772085895832,1.117025361977816,0.892122494318966,366.73998832702637,47,33,214,ssp
1.2501889944879991,-2.129452248615291,-1.9395114780249345,0.18994077059035663,0.18994077059035605,0.6087266667031312,0.8156732046103231,1.359820292424085,619.6646690368652,47,33,214,wavelet
0.4078160446410463,10.188482568115415,7.790702527685785,-2.3977800404296294,-2.3977800404296294,0.9229537530972621,0.7612503003792493,0.33141795536044,14867.581605911255,48,24,406,ica
0.40871101774262364,10.188482568115415,7.771661844661484,-2.416820723453931,-2.416820723453931,0.9143439062384833,0.8999195563455517,0.2813947333996388,174.50761795043945,48,24,406,pca
0.9886774538535725,10.188482568115415,0.09890733248328017,-10.089575235632134,-10.089575235632136,0.17119625518806067,0.9613736732790524,0.9923510777027682,369.9061870574951,48,24,406,ssp
0.27738874168229305,10.188482568115415,11.138196334238327,0.9497137661229118,0.9497137661229096,0.970173428350282,0.5462226616393032,0.21605726698839045,595.4270362854004,48,24,406,wavelet
1.8075426932639576,-12.980706616475574,-5.141710714030644,7.83899590244493,7.83899590244493,0.3301413438696532,2.9896724385350026,1.1748303814987733,384295.89343070984,49,235,74,ica
1.1612832012236984,-12.980706616475574,-1.2987403394483108,11.681966277027264,11.681966277027263,0.6906372763804017,0.9162638644687567,1.232055132832666,191.28680229187012,49,235,74,pca
1.106120904503493,-12.980706616475574,-0.876036087520723,12.104670528954852,12.10467052895485,0.21479785672843354,1.0905205867142602,1.111263301400068,392.26603507995605,49,235,74,ssp
1.9723132706237636,-12.980706616475574,-5.89945309343551,7.081253523040064,7.081253523040063,0.34118715496989815,3.355741546505272,1.1988948716368504,641.4415836334229,49,235,74,wavelet
