method,subject_id,condition,template_corr,channel,n1_amp_uv,n1_lat_ms,p2_amp_uv,p2_lat_ms,p2p_uv,base_rms_uv,erp_snr_db
raw,0901y2,A,0.01694146240405575,Cz,-9.561172016066923,117.00439453125,7.343453897470446,186.8896484375,16.90462591353737,2.811919434391583,14.379185011760152
raw,0902y2,A,-0.0294496184216225,Cz,-2.227286022741475,107.84912109375,4.718265768397822,159.66796875,6.945551791139297,1.1904978519844058,16.155150910688576
raw,0903y2,A,0.06926549741664652,Cz,-17.16542052148232,106.99462890625,17.05223482832432,237.97607421875,34.21765534980664,4.91982000837909,13.271376525080996
raw,0904y2,A,-0.008898122714437838,Cz,-17.099292044626104,147.64404296875,17.82510972266701,174.98779296875,34.92440176729311,8.295679611585387,10.383765327764392
raw,0905y2,A,-0.06882789823232482,Cz,-2.40551408353027,143.24951171875,2.785363182009858,219.8486328125,5.190877265540128,0.7726126515590738,15.180854022564558
raw,0906y2,A,-0.3107604989270651,Cz,-3.921084571478411,88.56201171875,2.748422247620203,243.7744140625,6.669506819098614,0.635513287945378,15.805620722614233
raw,0907y2,A,0.013936000418603479,Cz,-3.5492718703699015,122.61962890625,4.249710857335393,193.84765625,7.798982727705295,1.1060188790847518,11.691933294976725
raw,0908y2,A,0.10116538348415403,Cz,-7.393390814489983,139.0380859375,2.9427745239970413,218.8720703125,10.336165338487024,1.8799572614057023,14.247005801473447
raw,0910y2,A,-0.020234032235447695,Cz,-8.732699005084797,138.24462890625,10.501114422916993,239.80712890625,19.23381342800179,2.3029521874315697,14.981208400238984
raw,0912y2,A,-0.07054465314064866,Cz,-7.80029517117264,148.4375,11.83430357482768,166.32080078125,19.63459874600032,3.87909756566325,12.656267221780276
raw,0913y2,A,0.036601570876526206,Cz,-4.538478957587345,149.658203125,5.861505757366155,163.0859375,10.3999847149535,1.632630231344249,12.050190705450287
raw,0914y2,A,0.17067125311811876,Cz,-3.0932244839031147,80.38330078125,7.598938575039268,239.44091796875,10.692163058942382,1.9843739940252016,20.808132563073794
raw,0915y2,A,-0.06565076630174083,Cz,-3.162753180979605,118.10302734375,12.513195212696505,212.158203125,15.67594839367611,1.4485032061642145,19.63940632373099
raw,0918y2,A,-0.00602225933633654,Cz,-6.834249970874692,130.4931640625,15.713625948759892,185.24169921875,22.547875919634585,2.471659913215146,17.156549210202943
raw,0919y2,A,0.0018224246757403667,Cz,-6.39479869239441,84.47265625,7.933818589900581,176.513671875,14.328617282294992,2.362418630052223,10.522507363944232
raw,0921y2,A,0.14511197104321039,Cz,-1.7991191163501234,104.4921875,4.8292536036867455,193.7255859375,6.628372720036869,1.1624102491839967,15.564109731375641
raw,0922y2,A,0.07836828418277741,Cz,-2.285410813789436,95.947265625,0.6859433453752827,153.3203125,2.9713541591647186,0.498261071538776,17.84481105085914
raw,0923y2,A,0.19523739572565157,Cz,-8.16051180652122,131.7138671875,10.314699735375022,161.1328125,18.475211541896243,2.6385409902931,28.13653283961895
raw,0924y2,A,0.08932506244034233,Cz,-13.905664280695952,107.97119140625,11.581225303393335,223.0224609375,25.486889584089287,2.3547123908841407,15.425076637280753
raw,0925y2,A,0.04829843740503786,Cz,-5.123704913057408,145.56884765625,3.1158580544209444,208.0078125,8.239562967478353,1.1046212820865473,16.414569569289085
raw,0926y2,A,-0.07612697879184273,Cz,-0.9604253659890409,109.86328125,2.698412515398281,154.96826171875,3.6588378813873224,0.8154092144418995,17.54806301686186
raw,0929y2,A,0.0018833671344934781,Cz,-9.938410404617082,101.4404296875,5.5727452880449935,160.46142578125,15.511155692662076,2.4995503580691403,11.989100025643298
raw,0931y2,A,0.012904846856122087,Cz,-3.082591719222457,81.54296875,3.7069732864219973,156.55517578125,6.789565005644454,1.1102516726093192,13.743122120256835
raw,0932y2,A,-0.03814510241665097,Cz,-6.165041652616351,136.29150390625,5.925036034958096,196.044921875,12.090077687574446,2.1939789666064664,9.652203795312515
raw,0934y2,A,-0.07026093767844166,Cz,-10.62381074186752,147.27783203125,0.44047552577076,189.02587890625,11.064286267638279,2.2384736748222527,14.176565048848449
raw,0935y2,A,0.10034836988978531,Cz,-7.655676268827803,82.70263671875,11.509651645023979,159.0576171875,19.165327913851783,3.3841617628910847,10.63222092463188
raw,0936y2,A,0.21787424700562538,Cz,-5.157406561127567,128.173828125,2.6279917753359836,172.42431640625,7.78539833646355,1.0445393413546056,13.870127351616645
raw,0938y2,A,-0.11169290946088678,Cz,-3.847225951437368,108.09326171875,4.60067899549544,152.64892578125,8.447904946932809,0.8213259895177563,14.966120893655148
raw,0939y2,A,-0.19951156693257863,Cz,-6.884232572221138,89.66064453125,6.118090799899068,186.46240234375,13.002323372120205,1.8061880357033415,11.621850121821248
raw,0940y2,A,0.06961161911658979,Cz,-5.886965723572488,128.2958984375,10.925771253836201,217.59033203125,16.81273697740869,2.1523901956471545,15.106699520114333
raw,0941y2,A,0.17723757526007525,Cz,-2.2417589568911684,87.0361328125,6.750664523009311,227.4169921875,8.992423479900479,0.9869712242105322,16.70083624905058
raw,0944y2,A,-0.07298391135377064,Cz,-6.461304590812357,81.4208984375,7.713152160509955,201.7822265625,14.174456751322312,1.9004488444021277,14.928858932676487
raw,0945y2,A,0.044169657015424205,Cz,-4.515252820976549,149.658203125,3.8680591288862685,190.24658203125,8.383311949862819,1.292779092234922,11.437391715343058
raw,0946y2,A,-0.12859042534250495,Cz,-3.3825222432476054,91.85791015625,3.2265811336207006,179.5654296875,6.6091033768683065,1.3736111504806623,9.609169096498302
raw,0947y2,A,-0.11045477903534827,Cz,-1.8286786241703856,98.20556640625,2.5486325626946322,243.71337890625,4.377311186865018,0.5608318701611358,13.149477041439393
raw,0948y2,A,0.05029305912628659,Cz,-3.0868779811968934,92.71240234375,3.5659682747927426,150.5126953125,6.652846255989636,1.1290286348867467,11.443842040359094
raw,0999y2,A,-0.013790097692547219,Cz,-6.006334093962797,148.01025390625,6.7970278935685915,245.17822265625,12.803361987531389,2.5854479353414317,8.810800717180635
ica,0901y2,A,0.021226343460898238,Cz,-6.963887505315969,117.00439453125,10.903526887832005,186.8896484375,17.867414393147975,2.694208243407532,12.142716167115168
ica,0902y2,A,-0.15771236715216388,Cz,-0.40226255283550355,84.65576171875,1.5233729107347938,150.2685546875,1.9256354635702972,0.9370618775948107,10.529693495520682
ica,0903y2,A,-0.24477250752272361,Cz,-10.821627210077775,146.17919921875,6.815716742062301,227.72216796875,17.637343952140075,1.8451996318633088,15.36498291898628
ica,0904y2,A,-0.014166472953932845,Cz,-14.785677742740265,147.64404296875,20.420010688646492,226.50146484375,35.20568843138676,8.181698409974912,9.792468387607052
ica,0905y2,A,-0.055614450544339486,Cz,-3.2210078326451397,83.92333984375,1.665597169807143,249.267578125,4.886605002452283,0.7729645817041827,14.137289489312547
ica,0906y2,A,-0.29830581204864787,Cz,-2.0042917437530186,82.8857421875,1.444488643747815,202.7587890625,3.4487803875008334,0.5051285652263774,13.37340206866184
ica,0907y2,A,0.009049109682062137,Cz,-3.1968287967587887,122.61962890625,4.708079780007506,193.84765625,7.904908576766295,1.0514074723882822,13.02145115660345
ica,0908y2,A,0.03966606718621327,Cz,-4.86419895554269,139.0380859375,6.491113515440209,218.8720703125,11.355312470982899,1.9312278164705146,10.52971275348977
ica,0910y2,A,-0.02975836826173533,Cz,-11.338577074925517,145.8740234375,9.084271115303501,209.77783203125,20.42284819022902,2.3766398961151722,15.320120348298449
pca,0901y2,A,0.010641448977144679,Cz,-6.589389122242988,117.00439453125,11.054754630170347,186.8896484375,17.644143752413335,2.699102615025333,12.246593634168876
pca,0902y2,A,0.008287935099747474,Cz,-2.3087998787922333,146.484375,4.314161121975829,228.94287109375,6.622961000768062,1.1940107214332611,15.305019157685685
pca,0903y2,A,0.07032276906728505,Cz,-15.7810726770318,106.99462890625,16.84531341416067,237.97607421875,32.62638609119247,5.057225712357257,13.412275252787518
pca,0904y2,A,-0.00815370834269513,Cz,-14.512648385236888,147.64404296875,20.515081716335462,174.98779296875,35.02773010157235,8.251355858335634,9.714947061129987
pca,0906y2,A,-0.31284675057842537,Cz,-4.588080672918138,88.56201171875,1.6474001712144646,208.49609375,6.235480844132603,0.582330506557918,17.929217262400638
pca,0907y2,A,0.015093004368454897,Cz,-3.1561030303946014,122.61962890625,4.7047047221431,193.84765625,7.860807752537702,1.05204347933198,13.009969724325721
pca,0908y2,A,0.09460786767687608,Cz,-3.9039060621382724,139.0380859375,6.3155430246244215,218.8720703125,10.219449086762694,2.02716694889787,9.870422569015462
cca,0901y2,A,0.020961606521044285,Cz,-6.959060396005018,117.00439453125,10.906592521879896,186.8896484375,17.865652917884915,2.694444918803875,12.144394960368283
cca,0902y2,A,0.38147317530759706,Cz,-4.652438128415036,101.4404296875,5.542715077701403,178.40576171875,10.195153206116439,1.072989006510939,17.39399049176798
cca,0903y2,A,-0.10559545615176506,Cz,-33.25116902075874,107.72705078125,47.50982324870326,189.94140625,80.76099226946201,12.338756832341922,11.783910047174988
cca,0904y2,A,-0.02670432654666943,Cz,-16.234215307779646,147.64404296875,21.73604502598534,164.85595703125,37.97026033376498,8.425838851031791,9.929303276483775
cca,0905y2,A,-0.12055008887701646,Cz,-10.50036538301787,81.84814453125,8.962234545632619,151.85546875,19.46259992865049,2.5760609199483,13.437581741531051
cca,0906y2,A,-0.0022522902950670113,Cz,-6.169339332968546,140.13671875,-0.20906842315058402,166.015625,5.960270909817962,1.2107616767813594,16.532916518829612
cca,0907y2,A,0.08861452431094796,Cz,-8.368085501635926,110.29052734375,8.529272437478538,221.5576171875,16.897357939114464,1.8302197612902928,13.67051251441634
cca,0908y2,A,0.12941382889036562,Cz,-41.72009621283805,80.13916015625,14.603248891777092,235.3515625,56.32334510461514,16.61234391528636,9.615051076021624
ssp,0901y2,A,-0.30718327027344133,Cz,-1.4643285881172488,104.30908203125,1.6891502525902855,246.4599609375,3.1534788407075345,0.495660618031346,10.649659690954529
ssp,0902y2,A,0.01891906572490554,Cz,-0.7251561796789044,116.51611328125,1.9721466185454994,169.00634765625,2.697302798224404,0.6379064306521678,14.699292622580263
ssp,0903y2,A,-0.34480659811733655,Cz,-2.475495382283304,148.13232421875,0.32715597670754276,234.80224609375,2.802651358990847,0.4056886130947785,18.353090234142574
ssp,0904y2,A,-0.3637556393671204,Cz,-0.0812685278419186,109.2529296875,0.15163558546027323,158.38623046875,0.23290411330219182,0.04539208817896302,10.898854669348816
ssp,0905y2,A,-0.0401753969137401,Cz,-2.6908496019850934,83.92333984375,1.6052035659353094,233.94775390625,4.296053167920403,0.38154553193933277,16.966831218244643
ssp,0906y2,A,-0.4277623049597081,Cz,-2.018193661039012,82.8857421875,1.1447205101438493,202.7587890625,3.1629141711828614,0.264995112692235,18.12026560053017
ssp,0907y2,A,0.030450028638937515,Cz,-1.730038798419572,140.19775390625,1.3273292052038506,181.5185546875,3.0573680036234228,0.40375307423862317,12.63877337358509
ssp,0908y2,A,0.04329428116462448,Cz,-1.0406438949201493,88.134765625,3.071877419172107,243.71337890625,4.112521314092256,0.49509014932223483,15.854374205073077
wavelet,0901y2,A,0.15313869664242985,Cz,-0.9814894251479348,137.75634765625,2.5425270672746834,213.07373046875,3.5240164924226183,0.2528673965463345,20.047387037108898
wavelet,0902y2,A,0.16117618131584782,Cz,0.512258954096628,124.32861328125,1.549396430720044,158.935546875,1.037137476623416,0.6608013639957292,12.377643578349847
wavelet,0903y2,A,-0.14811234241785057,Cz,-3.131801488402686,148.4375,0.5787077913512111,227.72216796875,3.7105092797538974,0.19342911526442189,24.53599757739729
wavelet,0904y2,A,-0.286732106559868,Cz,0.4966767275062679,80.01708984375,0.5785764913584471,150.0244140625,0.08189976385217923,0.37765565203116147,11.713328251598853
wavelet,0905y2,A,-0.30426208406498384,Cz,-0.5413328316813487,149.96337890625,0.06663719588382926,250.0,0.6079700275651779,0.14130003516188683,11.896801243694055
wavelet,0906y2,A,-0.34298692027268507,Cz,-2.333806434028514,95.21484375,0.037185017704663224,250.0,2.370991451733177,0.21963953719793466,20.526996233288834
wavelet,0907y2,A,0.12585708678953117,Cz,-0.514350328136271,143.12744140625,0.9174462602648734,198.2421875,1.4317965884011445,0.36504774001863205,8.004586822384855
wavelet,0908y2,A,0.05513789692124164,Cz,-0.6057119121954632,149.84130859375,0.8735212101676563,228.759765625,1.4792331223631194,0.25572851642583083,10.669819501851737
